{
  "version": 1,
  "wait_weight_by_stop": {
    "0": 1.1041116645189943,
    "1": 1.0011971147710492,
    "2": 1.0214107949978128,
    "3": 0.9675986400735694,
    "4": 0.9980896702969553,
    "5": 0.8798671094505027,
    "6": 1.0104400031442033,
    "7": 1.01422227154657,
    "8": 1.0497498527719513,
    "9": 1.0246714627282005,
    "10": 0.9083905328733094,
    "11": 0.9831095852529692,
    "12": 1.037141297573913
  },
  "meta": {
    "description": "Lan truyền stress ùn xe trên đồ thị (cùng topology GCN): stress cục bộ = nhu cầu dự báo × độ chậm; khuếch tán P @ h.",
    "diffusion_steps": 3,
    "diffusion_mix": 0.55
  }
}